﻿<?xml version="1.0" encoding="utf-8"?>
<TopologyData xmlns:xsd="http://www.w3.org/2001/XMLSchema" xmlns:xsi="http://www.w3.org/2001/XMLSchema-instance">
  <Name>AX topology</Name>
  <MachineList>
    <Machine>
      <Name>SH-DEV-1</Name>
      <ServiceModelList>
        <string>RetailSelfService</string>
        <string>PayrollTaxModule</string>
        <string>RetailSDK</string>
        <string>DocumentRoutingAgent</string>
        <string>BIService</string>
        <string>PerfSDK</string>
        <string>SCMSelfService</string>
        <string>RetailHQConfiguration</string>
        <string>ReportingService</string>
        <string>ALMService</string>
        <string>DIXFService</string>
        <string>DevToolsService</string>
        <string>AOSService</string>
        <string>RetailCloudPos</string>
        <string>RetailStorefront</string>
        <string>RetailServer</string>
        <string>MROneBox</string>
      </ServiceModelList>
    </Machine>
  </MachineList>
</TopologyData>